malou, sdf, 23, 2222-12-12, 1234, sdf, domain.Motionist, 23, true
jawad, asdf, 23, 2222-12-12, 1234, sdf, domain.Motionist, 23, true
jawad, dfg, 23, 2222-12-12, 12345, sdfg, Domain.Motionist, 23, true
Berzan, sdfgh, 21, 2222-12-12, 12345678, berzan123, Domain.Motionist, 21, true
Muhammad Umer, istedgade, 24, 2222-12-12, 12345678, Muk123@, Domain.Motionist, 24, true
sdfg, sdfg, 34, 2222-12-12, 1234, wdf, Konkurrencesvømmer, 34, true
malou123, sdf, 23, 2222-12-12, 123, sdf, Konkurrencesvømmer, 23, true
jawad, asdf, 23, 2222-12-12, 1234, sdf, Konkurrencesvømmer, 23, true
ager, sdf, 23, 2222-12-12, 1234, sdf, Konkurrencesvømmer, 23, true
malou, sdfg, 23, 2222-12-12, 1234, asdf, Konkurrencesvømmer, 23, true
malou12345, sdf, 23, 2222-12-12, 1234567, sdfg, Konkurrencesvømmer, 23, true
jawad123, sdfg, 23, 2222-12-12, 123456, sdfg, Konkurrencesvømmer, 23, true
jawadaf, asdfg, 23, 2222-12-12, 1234, sdf, Konkurrencesvømmer, 23, true
malou, sdf, 23, 2222-12-12, 1234, sdf, Motionist, 23, true
jawad, asdf, 23, 2222-12-12, 1234, sdf, Motionist, 23, true
jawad, dfg, 23, 2222-12-12, 12345, sdfg, Motionist, 23, true
Berzan, sdfgh, 21, 2222-12-12, 12345678, berzan123, Motionist, 21, true
Muhammad Umer, istedgade, 24, 2222-12-12, 12345678, Muk123@, Motionist, 24, true
sdfg, sdfg, 34, 2222-12-12, 1234, wdf, Motionist, 34, true
malou123, sdf, 23, 2222-12-12, 123, sdf, Motionist, 23, true
jawad, asdf, 23, 2222-12-12, 1234, sdf, Motionist, 23, true
ager, sdf, 23, 2222-12-12, 1234, sdf, Motionist, 23, true
malou, sdfg, 23, 2222-12-12, 1234, asdf, Motionist, 23, true
malou12345, sdf, 23, 2222-12-12, 1234567, sdfg, Motionist, 23, true
jawad123, sdfg, 23, 2222-12-12, 123456, sdfg, Motionist, 23, true
jawadaf, asdfg, 23, 2222-12-12, 1234, sdf, Motionist, 23, true

malou, sdf, 23, 2222-12-12, 1234, sdf, Motionist, 23, true
jawad, asdf, 23, 2222-12-12, 1234, sdf, Motionist, 23, true
jawad, dfg, 23, 2222-12-12, 12345, sdfg, Motionist, 23, true
Berzan, sdfgh, 21, 2222-12-12, 12345678, berzan123, Motionist, 21, true
Muhammad Umer, istedgade, 24, 2222-12-12, 12345678, Muk123@, Motionist, 24, true
sdfg, sdfg, 34, 2222-12-12, 1234, wdf, Motionist, 34, true
malou123, sdf, 23, 2222-12-12, 123, sdf, Motionist, 23, true
jawad, asdf, 23, 2222-12-12, 1234, sdf, Motionist, 23, true
ager, sdf, 23, 2222-12-12, 1234, sdf, Motionist, 23, true
malou, sdfg, 23, 2222-12-12, 1234, asdf, Motionist, 23, true
malou12345, sdf, 23, 2222-12-12, 1234567, sdfg, Motionist, 23, true
jawad123, sdfg, 23, 2222-12-12, 123456, sdfg, Motionist, 23, true
jawadaf, asdfg, 23, 2222-12-12, 1234, sdf, Motionist, 23, true
malou, sdf, 23, 2222-12-12, 1234, sdf, Motionist, 23, true
jawad, asdf, 23, 2222-12-12, 1234, sdf, Motionist, 23, true
jawad, dfg, 23, 2222-12-12, 12345, sdfg, Motionist, 23, true
Berzan, sdfgh, 21, 2222-12-12, 12345678, berzan123, Motionist, 21, true
Muhammad Umer, istedgade, 24, 2222-12-12, 12345678, Muk123@, Motionist, 24, true
sdfg, sdfg, 34, 2222-12-12, 1234, wdf, Motionist, 34, true
malou123, sdf, 23, 2222-12-12, 123, sdf, Motionist, 23, true
jawad, asdf, 23, 2222-12-12, 1234, sdf, Motionist, 23, true
ager, sdf, 23, 2222-12-12, 1234, sdf, Motionist, 23, true
malou, sdfg, 23, 2222-12-12, 1234, asdf, Motionist, 23, true
malou12345, sdf, 23, 2222-12-12, 1234567, sdfg, Motionist, 23, true
jawad123, sdfg, 23, 2222-12-12, 123456, sdfg, Motionist, 23, true
jawadaf, asdfg, 23, 2222-12-12, 1234, sdf, Motionist, 23, true
malou12345, sdfg, 23, 2222-12-12, 234, sdf, Konkurrencesvømmer, 23, true
malou, sdf, 23, 2222-12-12, 1234, sdf, Motionist, 23, true
jawad, asdf, 23, 2222-12-12, 1234, sdf, Motionist, 23, true
jawad, dfg, 23, 2222-12-12, 12345, sdfg, Motionist, 23, true
Berzan, sdfgh, 21, 2222-12-12, 12345678, berzan123, Motionist, 21, true
Muhammad Umer, istedgade, 24, 2222-12-12, 12345678, Muk123@, Motionist, 24, true
sdfg, sdfg, 34, 2222-12-12, 1234, wdf, Motionist, 34, true
malou123, sdf, 23, 2222-12-12, 123, sdf, Motionist, 23, true
jawad, asdf, 23, 2222-12-12, 1234, sdf, Motionist, 23, true
ager, sdf, 23, 2222-12-12, 1234, sdf, Motionist, 23, true
malou, sdfg, 23, 2222-12-12, 1234, asdf, Motionist, 23, true
malou12345, sdf, 23, 2222-12-12, 1234567, sdfg, Motionist, 23, true
jawad123, sdfg, 23, 2222-12-12, 123456, sdfg, Motionist, 23, true
jawadaf, asdfg, 23, 2222-12-12, 1234, sdf, Motionist, 23, true
malou, sdf, 23, 2222-12-12, 1234, sdf, Motionist, 23, true
jawad, asdf, 23, 2222-12-12, 1234, sdf, Motionist, 23, true
jawad, dfg, 23, 2222-12-12, 12345, sdfg, Motionist, 23, true
Berzan, sdfgh, 21, 2222-12-12, 12345678, berzan123, Motionist, 21, true
Muhammad Umer, istedgade, 24, 2222-12-12, 12345678, Muk123@, Motionist, 24, true
sdfg, sdfg, 34, 2222-12-12, 1234, wdf, Motionist, 34, true
malou123, sdf, 23, 2222-12-12, 123, sdf, Motionist, 23, true
jawad, asdf, 23, 2222-12-12, 1234, sdf, Motionist, 23, true
ager, sdf, 23, 2222-12-12, 1234, sdf, Motionist, 23, true
malou, sdfg, 23, 2222-12-12, 1234, asdf, Motionist, 23, true
malou12345, sdf, 23, 2222-12-12, 1234567, sdfg, Motionist, 23, true
jawad123, sdfg, 23, 2222-12-12, 123456, sdfg, Motionist, 23, true
jawadaf, asdfg, 23, 2222-12-12, 1234, sdf, Motionist, 23, true
malou, sdf, 23, 2222-12-12, 1234, sdf, Motionist, 23, true
jawad, asdf, 23, 2222-12-12, 1234, sdf, Motionist, 23, true
jawad, dfg, 23, 2222-12-12, 12345, sdfg, Motionist, 23, true
Berzan, sdfgh, 21, 2222-12-12, 12345678, berzan123, Motionist, 21, true
Muhammad Umer, istedgade, 24, 2222-12-12, 12345678, Muk123@, Motionist, 24, true
sdfg, sdfg, 34, 2222-12-12, 1234, wdf, Motionist, 34, true
malou123, sdf, 23, 2222-12-12, 123, sdf, Motionist, 23, true
jawad, asdf, 23, 2222-12-12, 1234, sdf, Motionist, 23, true
ager, sdf, 23, 2222-12-12, 1234, sdf, Motionist, 23, true
malou, sdfg, 23, 2222-12-12, 1234, asdf, Motionist, 23, true
malou12345, sdf, 23, 2222-12-12, 1234567, sdfg, Motionist, 23, true
jawad123, sdfg, 23, 2222-12-12, 123456, sdfg, Motionist, 23, true
jawadaf, asdfg, 23, 2222-12-12, 1234, sdf, Motionist, 23, true
malou, sdf, 23, 2222-12-12, 1234, sdf, Motionist, 23, true
jawad, asdf, 23, 2222-12-12, 1234, sdf, Motionist, 23, true
jawad, dfg, 23, 2222-12-12, 12345, sdfg, Motionist, 23, true
Berzan, sdfgh, 21, 2222-12-12, 12345678, berzan123, Motionist, 21, true
Muhammad Umer, istedgade, 24, 2222-12-12, 12345678, Muk123@, Motionist, 24, true
sdfg, sdfg, 34, 2222-12-12, 1234, wdf, Motionist, 34, true
malou123, sdf, 23, 2222-12-12, 123, sdf, Motionist, 23, true
jawad, asdf, 23, 2222-12-12, 1234, sdf, Motionist, 23, true
ager, sdf, 23, 2222-12-12, 1234, sdf, Motionist, 23, true
malou, sdfg, 23, 2222-12-12, 1234, asdf, Motionist, 23, true
malou12345, sdf, 23, 2222-12-12, 1234567, sdfg, Motionist, 23, true
jawad123, sdfg, 23, 2222-12-12, 123456, sdfg, Motionist, 23, true
jawadaf, asdfg, 23, 2222-12-12, 1234, sdf, Motionist, 23, true
malou12345, sdfg, 23, 2222-12-12, 234, sdf, Motionist, 23, true
maloueller, sdf, 23, 2222-12-12, 123, wdf, Konkurrencesvømmer, 23, true
